date,cases,deaths,cases_smoothed,deaths_smoothed,cfr,air temperature
2020-01-02,1.0,0.0,0.14285714285714285,0.0,0.0,1.5811111111111114
2020-01-03,0.0,0.0,0.14285714285714285,0.0,0.0,1.9744444444444447
2020-01-04,0.0,0.0,0.14285714285714285,0.0,0.0,2.328684444444445
2020-01-05,0.0,0.0,0.14285714285714285,0.0,0.0,2.9086844444444444
2020-01-06,0.0,0.0,0.0,0.0,0.0,3.061591111111111
2020-01-07,0.0,0.0,0.14285714285714285,0.0,0.0,3.854506666666667
2020-01-08,0.0,0.0,0.14285714285714285,0.0,0.0,4.81264
2020-01-09,0.0,0.0,0.14285714285714285,0.0,0.0,5.011093333333333
2020-01-10,1.0,0.0,0.14285714285714285,0.0,0.0,4.911573333333334
2020-01-11,0.0,0.0,0.14285714285714285,0.0,0.0,4.677546666666666
2020-01-12,0.0,0.0,0.2857142857142857,0.0,0.0,4.366346666666667
2020-01-13,0.0,0.0,0.2857142857142857,0.0,0.0,4.5032
2020-01-14,0.0,0.0,0.14285714285714285,0.0,0.0,5.0811488888888885
2020-01-15,1.0,0.0,0.14285714285714285,0.0,0.0,5.4808288888888885
2020-01-16,0.0,0.0,0.14285714285714285,0.0,0.0,5.390162222222222
2020-01-17,0.0,0.0,0.2857142857142857,0.0,0.0,4.549842222222223
2020-01-18,0.0,0.0,0.2857142857142857,0.0,0.0,3.368295555555555
2020-01-19,0.0,0.0,0.14285714285714285,0.0,0.0,2.3452266666666666
2020-01-20,1.0,0.0,0.2857142857142857,0.0,0.0,1.609333333333333
2020-01-21,0.0,0.0,0.2857142857142857,0.0,0.0,1.1059733333333333
2020-01-22,0.0,0.0,0.2857142857142857,0.0,0.0,0.8666533333333334
2020-01-23,1.0,0.0,0.2857142857142857,0.0,0.0,0.7286400000000001
2020-01-24,0.0,0.0,0.14285714285714285,0.0,0.0,0.9431355555555555
2020-01-25,0.0,0.0,0.42857142857142855,0.0,0.0,1.7658022222222223
2020-01-26,0.0,0.0,0.7142857142857143,0.0,0.0,2.3464955555555553
2020-01-27,0.0,0.0,0.5714285714285714,0.0,0.0,2.7927488888888887
2020-01-28,2.0,0.0,1.1428571428571428,0.0,0.0,3.651028888888889
2020-01-29,2.0,0.0,1.2857142857142858,0.0,0.0,5.221066666666667
2020-01-30,0.0,0.0,1.2857142857142858,0.0,0.0,6.254720000000001
2020-01-31,4.0,0.0,1.4285714285714286,0.0,0.0,6.942186666666666
2020-02-01,1.0,0.0,1.7142857142857142,0.0,0.0,7.83536
2020-02-02,0.0,0.0,1.5714285714285714,0.0,0.0,7.395893333333333
2020-02-03,1.0,0.0,1.7142857142857142,0.0,0.0,5.8272
2020-02-04,4.0,0.0,1.2857142857142858,0.0,0.0,4.2088
2020-02-05,1.0,0.0,1.1428571428571428,0.0,0.0,3.2415999999999996
2020-02-06,1.0,0.0,1.1428571428571428,0.0,0.0,2.412
2020-02-07,1.0,0.0,1.0,0.0,0.0,3.2991466666666667
2020-02-08,0.0,0.0,0.7142857142857143,0.0,0.0,4.170133333333333
2020-02-09,0.0,0.0,0.5714285714285714,0.0,0.0,4.458613333333334
2020-02-10,0.0,0.0,0.42857142857142855,0.0,0.0,4.555413333333334
2020-02-11,2.0,0.0,0.2857142857142857,0.0,0.0,4.502933333333334
2020-02-12,0.0,0.0,0.2857142857142857,0.0,0.0,3.890346666666667
2020-02-13,0.0,0.0,0.2857142857142857,0.0,0.0,3.819786666666667
2020-02-14,0.0,0.0,0.42857142857142855,0.0,0.0,5.340159999999999
2020-02-15,0.0,0.0,0.2857142857142857,0.0,0.0,6.276213333333333
2020-02-16,0.0,0.0,0.2857142857142857,0.0,0.0,6.769546666666666
2020-02-17,1.0,0.0,0.5714285714285714,0.14285714285714285,0.0,6.681386666666666
2020-02-18,1.0,0.0,0.5714285714285714,0.14285714285714285,0.0,6.5497066666666655
2020-02-19,0.0,0.0,0.5714285714285714,0.14285714285714285,0.0,5.2948266666666655
2020-02-20,2.0,1.0,0.5714285714285714,0.14285714285714285,0.0,5.349653333333333
2020-02-21,0.0,0.0,0.5714285714285714,0.14285714285714285,0.0,5.951839999999999
2020-02-22,0.0,0.0,0.8571428571428571,0.14285714285714285,0.0,6.2180800000000005
2020-02-23,0.0,0.0,1.8571428571428572,0.14285714285714285,0.0,6.457013333333333
2020-02-24,1.0,0.0,4.857142857142857,0.0,0.0,5.96128
2020-02-25,3.0,0.0,11.571428571428571,0.0,0.0,4.811466666666666
2020-02-26,7.0,0.0,14.857142857142858,0.0,0.0,3.6885866666666667
2020-02-27,23.0,0.0,19.857142857142858,0.0,0.0,4.0436266666666665
2020-02-28,47.0,0.0,25.571428571428573,0.0,0.0,4.089226666666667
2020-02-29,23.0,0.0,37.142857142857146,0.0,0.0,4.768053333333333
2020-03-01,35.0,0.0,58.57142857142857,0.2857142857142857,0.004878048780487805,5.08
2020-03-02,41.0,0.0,81.85714285714286,0.42857142857142855,0.005235602094240837,5.23504
2020-03-03,84.0,0.0,101.71428571428571,1.0,0.009831460674157303,4.794880000000001
2020-03-04,157.0,2.0,118.71428571428571,1.5714285714285714,0.013237063778580024,4.385813333333333
2020-03-05,186.0,1.0,128.42857142857142,1.7142857142857142,0.013348164627363738,4.005866666666667
2020-03-06,186.0,4.0,171.85714285714286,2.7142857142857144,0.015793848711554447,4.520533333333335
2020-03-07,142.0,4.0,244.85714285714286,3.2857142857142856,0.013418903150525087,5.022933333333333
2020-03-08,103.0,1.0,330.2857142857143,4.428571428571429,0.013408304498269897,5.248204444444444
2020-03-09,345.0,7.0,445.2857142857143,6.0,0.013474494706448509,6.344737777777778
2020-03-10,595.0,4.0,627.2857142857143,7.714285714285714,0.01229788203142792,7.462284444444444
2020-03-11,755.0,10.0,793.1428571428571,10.0,0.01260806916426513,7.348737777777776
2020-03-12,991.0,12.0,918.5714285714286,12.0,0.013063763608087092,7.03695111111111
2020-03-13,1460.0,16.0,1160.0,16.0,0.013793103448275862,7.422399999999999
2020-03-14,1303.0,20.0,1507.2857142857142,21.714285714285715,0.01440621742014975,7.436266666666667
2020-03-15,981.0,15.0,1913.4285714285713,29.285714285714285,0.015305360609228012,7.584746666666666
2020-03-16,2035.0,35.0,2351.285714285714,36.714285714285715,0.015614557385017316,8.659040000000001
2020-03-17,3026.0,44.0,2721.0,48.142857142857146,0.01769307502493831,9.88512
2020-03-18,3598.0,63.0,3014.4285714285716,58.857142857142854,0.01952514098857874,9.956213333333334
2020-03-19,4056.0,64.0,3197.8571428571427,68.0,0.02126423944605763,8.600266666666666
2020-03-20,4048.0,96.0,3440.1428571428573,81.71428571428571,0.023753166396744317,7.049333333333332
2020-03-21,3357.0,95.0,3705.1428571428573,99.42857142857143,0.026835286859962986,5.248053333333333
2020-03-22,2265.0,79.0,4002.1428571428573,121.42857142857143,0.030340888809566303,3.7527999999999992
2020-03-23,3731.0,131.0,4265.857142857143,150.42857142857142,0.035263387026556375,2.9334399999999996
2020-03-24,4881.0,168.0,4541.857142857143,174.42857142857142,0.038404680275532344,3.2821866666666666
2020-03-25,5677.0,217.0,4737.0,196.28571428571428,0.04143671401429476,4.798026666666667
2020-03-26,5902.0,267.0,4852.857142857143,208.71428571428572,0.04300853694436267,6.285120000000001
2020-03-27,5980.0,264.0,4908.0,228.14285714285714,0.046483874723483525,6.24592
2020-03-28,4723.0,248.0,5076.285714285715,258.7142857142857,0.05096527269657229,5.845653333333334
2020-03-29,3076.0,166.0,5159.142857142857,281.42857142857144,0.05454948219527054,5.289406666666666
2020-03-30,4117.0,267.0,5251.142857142857,302.85714285714283,0.057674519832417434,4.2544200000000005
2020-03-31,6059.0,382.0,5281.714285714285,321.85714285714283,0.060938007140538784,3.7885000000000004
2020-04-01,6257.0,376.0,5227.571428571428,321.42857142857144,0.061487169677260686,4.542473333333334
2020-04-02,6546.0,417.0,5150.285714285715,323.85714285714283,0.06288139354266059,5.791486666666668
2020-04-03,6194.0,397.0,5084.857142857143,327.2857142857143,0.06436478058099679,7.761706666666667
2020-04-04,4344.0,245.0,4960.428571428572,321.2857142857143,0.06476974915761886,9.91168
2020-04-05,2535.0,183.0,4820.142857142857,316.7142857142857,0.0657064105983818,11.469226666666668
2020-04-06,3659.0,291.0,4585.571428571428,303.57142857142856,0.06620143929717437,13.28144
2020-04-07,5188.0,340.0,4180.0,276.57142857142856,0.06616541353383458,14.479297777777779
2020-04-08,5275.0,344.0,3971.5714285714284,270.2857142857143,0.06805510593144132,14.594497777777779
2020-04-09,4904.0,325.0,3875.714285714286,268.0,0.06914854404718024,14.135564444444444
2020-04-10,3355.0,208.0,3581.1428571428573,249.71428571428572,0.06973033349289931,14.420471111111112
2020-04-11,2885.0,201.0,3191.8571428571427,232.28571428571428,0.07277447075146579,13.014284444444447
2020-04-12,1864.0,167.0,2913.0,216.14285714285714,0.07419940169682702,11.217013333333336
2020-04-13,1597.0,163.0,2700.4285714285716,197.0,0.07295138337829973,10.746400000000001
2020-04-14,2463.0,218.0,2656.0,192.28571428571428,0.07239672977624785,11.045333333333335
2020-04-15,3323.0,231.0,2544.714285714286,181.14285714285714,0.07118396676584517,10.694346666666666
2020-04-16,3416.0,191.0,2474.8571428571427,174.28571428571428,0.07042253521126761,11.923413333333333
2020-04-17,3044.0,175.0,2491.1428571428573,172.42857142857142,0.06921665328592727,13.213493333333332
2020-04-18,2106.0,123.0,2451.1428571428573,161.14285714285714,0.06574192796363212,13.540053333333333
2020-04-19,1375.0,119.0,2331.714285714286,146.0,0.06261487562798676,13.274773333333332
2020-04-20,1711.0,150.0,2142.285714285714,135.42857142857142,0.06321685782875433,13.224266666666665
2020-04-21,2183.0,139.0,1979.2857142857142,122.42857142857143,0.061854926019487555,13.372213333333331
2020-04-22,2487.0,125.0,1860.0,116.28571428571429,0.06251920122887865,14.108159999999998
2020-04-23,2090.0,117.0,1764.142857142857,103.57142857142857,0.05870920722325695,14.044213333333335
2020-04-24,1903.0,84.0,1679.2857142857142,92.85714285714286,0.05529561888558061,13.910079999999999
2020-04-25,1271.0,80.0,1576.142857142857,84.85714285714286,0.05383848454636092,14.20768
2020-04-26,704.0,30.0,1425.142857142857,75.28571428571429,0.052826784282277474,13.996
2020-04-27,1117.0,75.0,1334.5714285714287,68.71428571428571,0.05148790408906015,13.235146666666669
2020-04-28,1461.0,83.0,1194.0,63.57142857142857,0.05324240248863364,13.348320000000001
2020-04-29,1430.0,58.0,1101.0,57.285714285714285,0.05203062151291034,12.972053333333335
2020-04-30,1456.0,71.0,1061.0,55.285714285714285,0.0521071765181096,11.66794666666667
2020-05-01,919.0,48.0,1005.5714285714286,50.42857142857143,0.05014916891603921,11.008000000000001
2020-05-02,620.0,36.0,952.4285714285714,45.0,0.04724763761811909,10.98064
2020-05-03,424.0,16.0,922.4285714285714,42.42857142857143,0.04599659284497445,10.435946666666668
2020-05-04,729.0,41.0,885.5714285714286,39.285714285714285,0.04436199386997903,10.49696
2020-05-05,1089.0,45.0,894.1428571428571,38.857142857142854,0.04345742131330883,11.360533333333333
2020-05-06,1220.0,40.0,902.4285714285714,37.0,0.04100047490897578,12.615253333333333
2020-05-07,1198.0,49.0,890.5714285714286,36.714285714285715,0.04122553737568175,13.898666666666667
2020-05-08,979.0,45.0,884.1428571428571,34.57142857142857,0.039101631927613505,15.575146666666665
2020-05-09,678.0,23.0,850.4285714285714,32.714285714285715,0.03846799932806988,14.810773333333334
2020-05-10,341.0,14.0,806.0,30.857142857142858,0.03828429634881248,13.58698666666667
2020-05-11,684.0,26.0,750.2857142857143,26.714285714285715,0.0356054836252856,11.930880000000002
2020-05-12,853.0,32.0,714.2857142857143,24.714285714285715,0.0346,10.262682222222224
2020-05-13,909.0,27.0,683.0,24.285714285714285,0.03555741476678519,8.830842222222222
2020-05-14,808.0,20.0,679.4285714285714,23.428571428571427,0.034482758620689655,9.985082222222223
2020-05-15,727.0,31.0,659.1428571428571,23.0,0.034893801473775465,11.368602222222222
2020-05-16,459.0,20.0,641.2857142857143,22.285714285714285,0.03475161505903319,12.898873333333336
2020-05-17,316.0,8.0,629.8571428571429,21.714285714285715,0.03447493762757995,14.49648
2020-05-18,542.0,23.0,574.2857142857143,19.857142857142858,0.0345771144278607,15.559733333333332
2020-05-19,728.0,27.0,545.4285714285714,17.714285714285715,0.03247773703509691,16.60032
2020-05-20,829.0,23.0,528.0,16.428571428571427,0.031114718614718612,17.581493333333334
2020-05-21,419.0,7.0,514.0,16.0,0.0311284046692607,16.940022222222222
2020-05-22,525.0,16.0,495.42857142857144,14.571428571428571,0.029411764705882353,16.01589333333333
2020-05-23,337.0,11.0,479.57142857142856,12.857142857142858,0.02680965147453083,15.40608
2020-05-24,218.0,5.0,453.7142857142857,11.285714285714286,0.02487405541561713,14.620586666666668
2020-05-25,412.0,13.0,469.42857142857144,11.571428571428571,0.024650030432136334,14.138826666666665
2020-05-26,617.0,15.0,458.0,10.428571428571429,0.022769806612601372,14.318986666666666
2020-05-27,648.0,12.0,463.42857142857144,9.428571428571429,0.020345252774352653,14.82032
2020-05-28,529.0,9.0,457.85714285714283,9.142857142857142,0.019968798751950078,15.262346666666668
2020-05-29,445.0,8.0,418.57142857142856,8.0,0.019112627986348125,15.501866666666666
2020-05-30,375.0,4.0,374.14285714285717,7.0,0.0187094310805651,15.935786666666667
2020-05-31,179.0,3.0,352.42857142857144,6.857142857142857,0.019456830158086743,17.14016
2020-06-01,137.0,5.0,352.2857142857143,6.571428571428571,0.0186536901865369,18.061706666666666
2020-06-02,306.0,8.0,351.14285714285717,6.142857142857143,0.017493897477624084,18.092586666666666
2020-06-03,496.0,11.0,338.2857142857143,6.285714285714286,0.018581081081081082,17.479893333333333
2020-06-04,528.0,7.0,336.14285714285717,6.428571428571429,0.019124521886952826,16.27632
2020-06-05,437.0,5.0,358.7142857142857,6.142857142857143,0.017124651533253685,14.833760000000002
2020-06-06,285.0,5.0,375.7142857142857,5.142857142857143,0.013688212927756654,13.791306666666662
2020-06-07,164.0,4.0,378.85714285714283,5.0,0.013197586726998493,13.713173333333334
2020-06-08,295.0,3.0,343.57142857142856,4.142857142857143,0.01205821205821206,14.224
2020-06-09,425.0,1.0,331.42857142857144,5.0,0.015086206896551723,14.816480000000002
2020-06-10,518.0,10.0,333.42857142857144,4.428571428571429,0.013281919451585262,16.34176
2020-06-11,281.0,1.0,334.57142857142856,4.714285714285714,0.014090520922288644,17.70084
2020-06-12,352.0,11.0,329.42857142857144,4.857142857142857,0.01474414570685169,18.2507768115942
2020-06-13,299.0,1.0,342.7142857142857,6.285714285714286,0.01834097540641934,18.830314589371984
2020-06-14,172.0,6.0,391.85714285714283,5.857142857142857,0.014947138169886985,19.446261256038646
2020-06-15,259.0,4.0,460.7142857142857,6.142857142857143,0.013333333333333334,19.29714125603865
2020-06-16,518.0,11.0,552.8571428571429,5.857142857142857,0.010594315245478035,18.547661256038644
2020-06-17,862.0,7.0,591.4285714285714,6.285714285714286,0.010628019323671497,18.338417777777778
2020-06-18,763.0,3.0,598.5714285714286,5.857142857142857,0.009785202863961813,18.201173333333333
2020-06-19,997.0,9.0,624.8571428571429,5.428571428571429,0.008687700045724738,18.172586666666668
2020-06-20,569.0,4.0,628.2857142857143,4.857142857142857,0.007730786721236924,18.136426666666665
2020-06-21,222.0,3.0,577.2857142857143,4.142857142857143,0.007176441474882455,18.724586666666664
2020-06-22,443.0,1.0,549.1428571428571,4.428571428571429,0.00806451612903226,19.641493333333333
2020-06-23,542.0,7.0,488.7142857142857,4.142857142857143,0.008477053493130665,20.518986666666667
2020-06-24,505.0,2.0,453.85714285714283,3.857142857142857,0.0084985835694051,21.280533333333334
2020-06-25,566.0,5.0,450.85714285714283,3.4285714285714284,0.0076045627376425855,22.005013333333334
2020-06-26,574.0,7.0,446.85714285714283,3.857142857142857,0.008631713554987213,21.93168
2020-06-27,325.0,2.0,434.7142857142857,3.0,0.0069010844561288205,21.278346666666668
2020-06-28,201.0,0.0,431.42857142857144,3.4285714285714284,0.007947019867549669,20.643840000000004
2020-06-29,415.0,4.0,418.0,3.2857142857142856,0.00786056049213944,20.40128
2020-06-30,457.0,1.0,396.85714285714283,3.142857142857143,0.007919366450683946,19.52624
2020-07-01,482.0,5.0,392.2857142857143,3.142857142857143,0.008011653313911144,19.00810666666667
2020-07-02,472.0,4.0,383.85714285714283,3.7142857142857144,0.009676218831410496,19.38469333333333
2020-07-03,426.0,6.0,370.85714285714283,4.0,0.01078582434514638,20.01216
2020-07-04,293.0,2.0,361.57142857142856,4.428571428571429,0.012248123271434217,18.99584
2020-07-05,142.0,4.0,357.0,4.571428571428571,0.012805122048819527,18.354133333333333
2020-07-06,324.0,6.0,350.14285714285717,4.714285714285714,0.013463892288861688,17.92556222222222
2020-07-07,392.0,4.0,350.0,4.285714285714286,0.012244897959183673,17.78256888888889
2020-07-08,450.0,6.0,347.57142857142856,4.0,0.011508425811755036,17.436435555555555
2020-07-09,424.0,5.0,346.0,3.5714285714285716,0.01032204789430223,17.34400888888889
2020-07-10,425.0,3.0,346.2857142857143,3.4285714285714284,0.009900990099009901,17.61600888888889
2020-07-11,276.0,0.0,356.85714285714283,3.142857142857143,0.008807045636509208,18.356046666666668
2020-07-12,131.0,1.0,369.7142857142857,3.142857142857143,0.008500772797527048,18.592426666666665
2020-07-13,326.0,5.0,388.2857142857143,3.4285714285714284,0.008830022075055188,17.857386666666667
2020-07-14,466.0,2.0,402.14285714285717,3.857142857142857,0.009591474245115453,17.765706666666667
2020-07-15,540.0,6.0,425.7142857142857,3.857142857142857,0.009060402684563758,17.801066666666664
2020-07-16,554.0,7.0,432.57142857142856,4.285714285714286,0.009907529722589167,18.016106666666666
2020-07-17,522.0,6.0,450.7142857142857,4.142857142857143,0.00919175911251981,18.50576
2020-07-18,441.0,0.0,458.7142857142857,4.428571428571429,0.009654313298037995,19.42096
2020-07-19,179.0,4.0,481.42857142857144,4.857142857142857,0.010089020771513352,20.185333333333332
2020-07-20,453.0,4.0,501.42857142857144,4.285714285714286,0.008547008547008546,20.49408
2020-07-21,522.0,4.0,542.0,4.857142857142857,0.008961518186610437,20.350879999999997
2020-07-22,699.0,9.0,556.4285714285714,5.285714285714286,0.009499358151476251,19.973599999999998
2020-07-23,694.0,3.0,561.0,4.714285714285714,0.008403361344537815,20.075786666666666
2020-07-24,806.0,10.0,571.5714285714286,5.142857142857143,0.008997750562359411,20.05834666666667
2020-07-25,542.0,3.0,604.8571428571429,5.285714285714286,0.008738781294284364,20.56170666666667
2020-07-26,211.0,0.0,635.0,4.714285714285714,0.007424071991001125,21.16202666666667
2020-07-27,527.0,7.0,658.7142857142857,5.0,0.007590544350466277,20.91690666666667
2020-07-28,755.0,5.0,674.1428571428571,5.428571428571429,0.008052553507098962,21.020160000000004
2020-07-29,910.0,5.0,677.0,5.142857142857143,0.007596539354294155,22.003733333333333
2020-07-30,860.0,5.0,690.4285714285714,5.285714285714286,0.007655700393130561,22.79637333333333
2020-07-31,914.0,13.0,729.1428571428571,5.571428571428571,0.007641065830721003,22.276906666666665
2020-08-01,562.0,1.0,756.7142857142857,5.714285714285714,0.007551444213705872,21.776746666666664
2020-08-02,305.0,1.0,785.2857142857143,5.428571428571429,0.006912861560851373,20.758346666666668
2020-08-03,798.0,9.0,829.0,5.571428571428571,0.0067206617266930896,20.10912
2020-08-04,948.0,6.0,842.0,4.428571428571429,0.005259586019681032,19.78767806763285
2020-08-05,1110.0,3.0,863.1428571428571,4.571428571428571,0.005296259516716319,20.986522512077293
2020-08-06,1166.0,6.0,865.2857142857143,4.714285714285714,0.005448241703813769,23.065193623188406
2020-08-07,1005.0,5.0,908.8571428571429,3.7142857142857144,0.004086765168186105,25.18259082125604
2020-08-08,710.0,2.0,944.1428571428571,3.142857142857143,0.0033287940686942048,26.061739710144927
2020-08-09,320.0,2.0,1005.5714285714286,4.142857142857143,0.004119903395368661,26.402594975845414
2020-08-10,1103.0,2.0,1051.857142857143,3.5714285714285716,0.003395355154149124,26.303221642512078
2020-08-11,1195.0,2.0,1104.857142857143,3.7142857142857144,0.0033617791569692267,25.505746086956524
2020-08-12,1540.0,10.0,1111.4285714285713,4.0,0.0035989717223650387,24.396775555555557
2020-08-13,1490.0,2.0,1136.0,4.428571428571429,0.0038983903420523143,23.849200000000003
2020-08-14,1376.0,6.0,1199.5714285714287,5.285714285714286,0.004406335596046206,23.56888
2020-08-15,756.0,4.0,1247.857142857143,6.428571428571429,0.005151688609044075,22.804182222222224
2020-08-16,492.0,5.0,1278.4285714285713,5.142857142857143,0.004022795843110963,22.12704
2020-08-17,1548.0,8.0,1297.0,5.857142857142857,0.004515915849763189,22.03472
2020-08-18,1533.0,10.0,1337.0,5.428571428571429,0.004060262848594936,22.36288
2020-08-19,1754.0,1.0,1360.2857142857142,5.142857142857143,0.0037807183364839325,22.824693333333336
2020-08-20,1620.0,7.0,1370.857142857143,4.428571428571429,0.0032305127136306793,22.495840000000005
2020-08-21,1656.0,3.0,1353.5714285714287,4.0,0.002955145118733509,22.156906666666668
2020-08-22,919.0,2.0,1346.7142857142858,2.857142857142857,0.0021215657154980373,21.32810666666667
2020-08-23,566.0,0.0,1326.857142857143,3.0,0.0022609819121447027,20.131946666666664
2020-08-24,1427.0,5.0,1315.4285714285713,2.142857142857143,0.0016290182450043442,18.601973333333333
2020-08-25,1485.0,2.0,1277.5714285714287,2.142857142857143,0.0016772895001677288,17.926133333333333
2020-08-26,1615.0,2.0,1265.2857142857142,2.142857142857143,0.0016935757028339166,17.756853333333336
2020-08-27,1540.0,1.0,1261.0,2.5714285714285716,0.0020391979154865754,17.668693333333334
2020-08-28,1391.0,3.0,1226.4285714285713,2.4285714285714284,0.0019801980198019802,17.164
2020-08-29,833.0,2.0,1202.4285714285713,2.5714285714285716,0.002138529167161697,16.395413333333334
2020-08-30,536.0,3.0,1173.5714285714287,2.7142857142857144,0.0023128423615337798,15.918773333333334
2020-08-31,1185.0,4.0,1170.2857142857142,3.5714285714285716,0.0030517578125000004,15.412426666666667
2020-09-01,1317.0,3.0,1185.0,4.142857142857143,0.0034960819770946355,15.403413333333333
2020-09-02,1413.0,3.0,1223.857142857143,5.0,0.004085444146142174,16.173653333333334
2020-09-03,1517.0,7.0,1230.4285714285713,5.142857142857143,0.0041797283176593526,16.616
2020-09-04,1494.0,7.0,1262.4285714285713,5.428571428571429,0.004300101844517371,16.637706666666666
2020-09-05,1105.0,8.0,1271.0,7.714285714285714,0.006069461616275149,16.65749333333333
2020-09-06,582.0,4.0,1318.4285714285713,8.571428571428571,0.006501246072163832,16.896213333333332
2020-09-07,1409.0,6.0,1329.0,8.428571428571429,0.006342040202085349,16.84288
2020-09-08,1377.0,19.0,1351.2857142857142,9.142857142857142,0.006766042922084787,16.59072
2020-09-09,1745.0,9.0,1368.2857142857142,9.142857142857142,0.00668197953643767,17.22314666666667
2020-09-10,1591.0,6.0,1394.0,9.714285714285714,0.0069686411149825775,18.01904
2020-09-11,1650.0,12.0,1405.0,9.571428571428571,0.00681240467717336,18.408693333333332
2020-09-12,1224.0,8.0,1494.7142857142858,9.142857142857142,0.0061167925069291786,18.967306666666666
2020-09-13,762.0,8.0,1558.7142857142858,10.0,0.006415543946476033,20.36741333333333
2020-09-14,1486.0,5.0,1668.0,10.428571428571429,0.006252141144227476,21.047466666666665
2020-09-15,2005.0,16.0,1742.0,10.857142857142858,0.0062325733967525014,20.282186666666664
2020-09-16,2193.0,15.0,1766.0,11.428571428571429,0.006471444750040447,19.375733333333333
2020-09-17,2356.0,9.0,1755.857142857143,11.714285714285714,0.006671548287364738,18.202346666666664
2020-09-18,2168.0,15.0,1780.0,13.571428571428571,0.007624398073836276,16.960106666666668
2020-09-19,1392.0,12.0,1752.5714285714287,13.428571428571429,0.0076622106292794255,16.266666666666666
2020-09-20,691.0,10.0,1755.142857142857,12.857142857142858,0.00732541103695263,16.996426666666668
2020-09-21,1655.0,18.0,1760.4285714285713,14.142857142857142,0.008033758013470746,17.54336
2020-09-22,1813.0,15.0,1783.857142857143,14.142857142857142,0.007928245375190197,17.597906666666667
2020-09-23,2211.0,11.0,1840.2857142857142,16.142857142857142,0.008771929824561403,16.36892222222222
2020-09-24,2393.0,18.0,1866.2857142857142,15.714285714285714,0.008420085731781997,14.546468888888887
2020-09-25,2332.0,15.0,1891.4285714285713,15.857142857142858,0.00838368580060423,12.739542222222223
2020-09-26,1787.0,26.0,1941.7142857142858,15.857142857142858,0.00816656856974691,11.389182222222221
2020-09-27,873.0,7.0,2016.0,16.571428571428573,0.008219954648526078,10.486444444444444
2020-09-28,1831.0,19.0,2092.0,17.714285714285715,0.008467631794591642,11.000833333333334
2020-09-29,2165.0,15.0,2175.8571428571427,19.142857142857142,0.008797846497275294,11.966555555555555
2020-09-30,2731.0,16.0,2234.285714285714,17.142857142857142,0.0076726342710997444,12.914222222222222
2020-10-01,2925.0,26.0,2274.714285714286,17.428571428571427,0.00766187276267035,13.472888888888885
2020-10-02,2919.0,25.0,2357.285714285714,19.571428571428573,0.008302527119568512,13.515388888888888
2020-10-03,2196.0,12.0,2560.714285714286,21.285714285714285,0.008312412831241282,13.094444444444443
2020-10-04,1156.0,9.0,2812.1428571428573,24.0,0.008534417068834137,12.768028888888889
2020-10-05,2409.0,34.0,3061.4285714285716,26.285714285714285,0.00858609426038264,12.09198222222222
2020-10-06,3589.0,27.0,3367.1428571428573,29.0,0.008612643190496393,11.76746222222222
2020-10-07,4491.0,35.0,3572.0,32.857142857142854,0.009198528235482322,11.900566666666666
2020-10-08,4670.0,42.0,3731.4285714285716,35.142857142857146,0.009418070444104136,11.41093333333333
2020-10-09,5059.0,44.0,3985.714285714286,38.714285714285715,0.00971326164874552,10.51056
2020-10-10,3630.0,39.0,4240.142857142857,42.857142857142854,0.010107476163202048,9.795733333333335
2020-10-11,2272.0,25.0,4634.0,46.857142857142854,0.010111597509094272,8.858133333333333
2020-10-12,4189.0,59.0,5096.857142857143,52.42857142857143,0.010286451034250799,7.794400000000001
2020-10-13,5370.0,56.0,5513.428571428572,59.0,0.010701145255739234,7.668373333333333
2020-10-14,7248.0,63.0,5807.714285714285,62.0,0.010675456289663994,7.782186666666666
2020-10-15,7910.0,81.0,6008.714285714285,66.14285714285714,0.011007821972848957,7.75024
2020-10-16,7975.0,90.0,6336.714285714285,70.14285714285714,0.011069278806050905,7.79936
2020-10-17,5690.0,60.0,6918.571428571428,80.57142857142857,0.011645674168903572,7.871199999999999
2020-10-18,3679.0,54.0,7656.428571428572,92.14285714285714,0.012034704729918836,7.9968
2020-10-19,6485.0,87.0,8516.57142857143,110.14285714285714,0.012932769726247986,8.92645777777778
2020-10-20,9443.0,129.0,9382.714285714286,125.71428571428571,0.013398498759116306,10.326666666666668
2020-10-21,12413.0,144.0,10155.57142857143,134.71428571428572,0.013265062105248351,11.348693333333333
2020-10-22,13931.0,207.0,10695.142857142857,145.0,0.013557556167018406,12.167786666666668
2020-10-23,14038.0,199.0,11486.142857142857,167.0,0.014539258485379899,12.72448
2020-10-24,11100.0,123.0,12415.285714285714,182.42857142857142,0.014693868157915933,12.033595555555555
2020-10-25,7456.0,126.0,13391.142857142857,197.42857142857142,0.014743220465552924,10.784426666666667
2020-10-26,12022.0,241.0,14237.285714285714,206.28571428571428,0.014489118110394236,10.115893333333332
2020-10-27,15947.0,237.0,15004.285714285714,214.85714285714286,0.014319718175759307,9.494453333333333
2020-10-28,19244.0,249.0,15419.42857142857,225.14285714285714,0.01460124518233027,9.510613333333334
2020-10-29,19854.0,269.0,15858.285714285714,231.42857142857142,0.01459354280772557,10.01952
2020-10-30,19407.0,259.0,16320.142857142857,236.57142857142858,0.014495671431447555,10.759573333333332
2020-10-31,14006.0,195.0,16804.85714285714,249.71428571428572,0.014859649421085742,12.159146666666667
2020-11-01,10528.0,170.0,17084.428571428572,259.14285714285717,0.015168365512454951,12.436960000000001
2020-11-02,15255.0,277.0,17430.714285714286,269.14285714285717,0.015440724501085933,11.555466666666664
2020-11-03,19340.0,329.0,17741.85714285714,268.42857142857144,0.015129677195977232,10.547146666666666
2020-11-04,21201.0,315.0,18016.285714285714,271.7142857142857,0.0150815928445692,9.524106666666666
2020-11-05,22278.0,339.0,17961.14285714286,270.7142857142857,0.0150722193942479,7.60848
2020-11-06,21585.0,254.0,18064.714285714286,276.85714285714283,0.015325852292946784,6.975626666666668
2020-11-07,15927.0,218.0,18103.571428571428,279.0,0.015411323732491617,6.853226666666667
2020-11-08,10142.0,163.0,18319.285714285714,294.0,0.01604866066206574,6.610826666666666
2020-11-09,15980.0,320.0,18492.571428571428,307.0,0.01660126073790248,6.529226666666666
2020-11-10,19612.0,344.0,18459.14285714286,330.2857142857143,0.017892797994025413,6.582293333333332
2020-11-11,22711.0,420.0,18440.0,352.14285714285717,0.019096684226836073,6.7786133333333325
2020-11-12,23491.0,430.0,18254.85714285714,360.85714285714283,0.019767733049521067,7.49648
2020-11-13,21351.0,417.0,18070.85714285714,379.2857142857143,0.020988805970149255,8.398613333333333
2020-11-14,15793.0,371.0,18176.0,403.0,0.022172095070422535,8.877653333333335
2020-11-15,8846.0,224.0,18315.0,419.14285714285717,0.022885222885222888,9.231626666666667
2020-11-16,14692.0,449.0,18351.85714285714,438.2857142857143,0.023882363015031566,9.382879516908213
2020-11-17,20348.0,510.0,18486.285714285714,454.7142857142857,0.024597384934005134,8.788159516908213
2020-11-18,23684.0,533.0,18341.14285714286,450.7142857142857,0.024573947720970806,7.392586183574879
2020-11-19,23749.0,564.0,18339.0,459.14285714285717,0.025036417315167522,6.075039516908213
2020-11-20,22292.0,532.0,18392.85714285714,462.57142857142856,0.0251495145631068,5.245279516908213
2020-11-21,14777.0,343.0,18258.428571428572,462.42857142857144,0.025326854916320446,4.441280000000001
2020-11-22,8831.0,283.0,18025.571428571428,470.42857142857144,0.02609784512478305,3.7515866666666673
2020-11-23,15069.0,473.0,17884.428571428572,483.57142857142856,0.027038684889488858,3.605773333333334
2020-11-24,19407.0,509.0,17576.0,497.0,0.02827719617660446,3.8219866666666666
2020-11-25,22054.0,589.0,17599.14285714286,505.42857142857144,0.028718931116775166,3.3191066666666664
2020-11-26,22761.0,656.0,17592.85714285714,511.7142857142857,0.02908647990255786,2.5574533333333336
2020-11-27,20133.0,626.0,17339.571428571428,520.8571428571429,0.03003863994002159,1.9142933333333332
2020-11-28,14939.0,402.0,17312.428571428572,541.8571428571429,0.03129873666317344,1.3684266666666667
2020-11-29,8787.0,327.0,17476.285714285714,562.5714285714286,0.03219056026942632,0.9326933333333336
2020-11-30,13296.0,537.0,17713.85714285714,590.2857142857143,0.03332338685613362,0.4002133333333334
2020-12-01,19217.0,656.0,18016.428571428572,616.7142857142857,0.034230662490583985,0.06837333333333336
2020-12-02,23201.0,734.0,18129.0,632.5714285714286,0.034892792132573694,0.30282666666666674
2020-12-03,24424.0,850.0,18336.14285714286,637.1428571428571,0.03474792174705694,0.8834133333333334
2020-12-04,22251.0,811.0,18787.714285714286,659.4285714285714,0.03509892482929574,1.4331733333333336
2020-12-05,15727.0,513.0,19298.428571428572,688.8571428571429,0.035694986268312,2.165493333333333
2020-12-06,10237.0,359.0,19934.14285714286,705.1428571428571,0.03537362314478389,2.7025599999999996
2020-12-07,16457.0,693.0,20593.0,737.7142857142857,0.03582354614258659,2.70864
2020-12-08,22792.0,862.0,21307.714285714286,761.2857142857143,0.03572817356557652,2.3314666666666666
2020-12-09,27651.0,848.0,22004.428571428572,797.4285714285714,0.03623945829086353,1.6252266666666668
2020-12-10,29036.0,1078.0,22328.85714285714,819.8571428571429,0.03671738045578432,1.4194666666666667
2020-12-11,27254.0,976.0,22701.0,838.8571428571429,0.036952431296292804,1.7025466666666667
2020-12-12,20604.0,766.0,23292.285714285714,860.5714285714286,0.036946628558811624,2.2023955555555554
2020-12-13,12508.0,516.0,23822.85714285714,891.8571428571429,0.03743703526025426,3.113375555555556
2020-12-14,19062.0,826.0,24241.571428571428,904.1428571428571,0.0372972049195302,4.155846666666667
2020-12-15,26931.0,1014.0,24601.14285714286,914.0,0.03715274551704915,4.67014
2020-12-16,31365.0,1067.0,24757.714285714286,914.7142857142857,0.036946637123205464,4.828553333333334
2020-12-17,31967.0,1164.0,24957.14285714286,918.5714285714286,0.03680595306239267,4.694624444444445
2020-12-18,29771.0,1045.0,25133.0,932.2857142857143,0.03709408802314544,4.421724444444445
2020-12-19,21700.0,771.0,25426.285714285714,958.5714285714286,0.03770001797914419,4.174133333333334
2020-12-20,13904.0,543.0,25799.14285714286,984.7142857142857,0.038168488432616804,5.11952
2020-12-21,20293.0,922.0,24255.571428571428,920.0,0.037929430057306424,5.90464
2020-12-22,28984.0,1198.0,21883.14285714286,843.2857142857143,0.03853585930461804,6.09952
2020-12-23,33975.0,1250.0,20432.0,815.5714285714286,0.03991637767088041,5.501493333333333
2020-12-24,21162.0,711.0,19846.85714285714,813.2857142857143,0.0409780605781412,4.621439999999999
2020-12-25,13164.0,508.0,19195.285714285714,808.7142857142857,0.042130880350085956,2.68752
2020-12-26,11542.0,577.0,18994.85714285714,815.5714285714286,0.04293643392196384,1.4004799999999997
2020-12-27,9808.0,527.0,18578.0,820.2857142857143,0.04415360718514987,0.8036266666666666
2020-12-28,15732.0,890.0,18353.428571428572,829.5714285714286,0.04519980696483335,1.0242133333333332
2020-12-29,27581.0,1246.0,17940.428571428572,816.0,0.04548386326174721,1.2222933333333332
2020-12-30,31057.0,1283.0,17722.428571428572,817.1428571428571,0.04610783752629839,1.4044266666666665
2020-12-31,19590.0,776.0,17583.85714285714,812.5714285714286,0.04621121645665262,1.1874133333333332
2021-01-01,10273.0,413.0,17379.14285714286,795.7142857142857,0.04578558863662518,0.9700799999999999
2021-01-02,10016.0,585.0,17358.14285714286,765.7142857142857,0.044112684865892496,0.64576
2021-01-03,8838.0,495.0,16917.428571428572,713.0,0.04214588505514178,0.5002133333333334
2021-01-04,14299.0,772.0,17849.428571428572,749.2857142857143,0.04197813455412738,0.34256000000000003
2021-01-05,27434.0,1036.0,19886.285714285714,822.4285714285714,0.041356570213499616,0.14341333333333336
2021-01-06,27972.0,914.0,20835.428571428572,824.2857142857143,0.03956173550545774,-0.002826666666666644
2021-01-07,26114.0,1030.0,20783.285714285714,814.0,0.039166088134008785,-0.27141333333333334
2021-01-08,24531.0,925.0,20667.14285714286,787.4285714285714,0.03810050459666828,-0.7784000000000001
2021-01-09,16660.0,598.0,19974.428571428572,767.0,0.038399095987011966,-1.2563733333333336
2021-01-10,8473.0,423.0,19421.285714285714,774.2857142857143,0.03986789163583403,-1.026508888888889
2021-01-11,13486.0,586.0,18604.714285714286,762.0,0.04095736103752505,-0.8635755555555555
2021-01-12,22585.0,893.0,17713.85714285714,746.8571428571429,0.042162310378476904,-0.7287955555555554
2021-01-13,24100.0,965.0,17254.0,738.1428571428571,0.04278097004421335,-0.7613755555555555
2021-01-14,20398.0,944.0,16985.428571428572,723.7142857142857,0.04260794967114669,-0.9936422222222221
2021-01-15,18295.0,819.0,16367.285714285714,716.4285714285714,0.043771984184479494,-1.7269733333333335
2021-01-16,13441.0,537.0,15777.714285714286,697.5714285714286,0.0442124515591612,-1.7335866666666664
2021-01-17,6593.0,322.0,15118.285714285714,669.5714285714286,0.04428884605208452,-1.279327826086956
2021-01-18,9159.0,535.0,14604.57142857143,635.8571428571429,0.04353822677830816,0.042532173913043536
2021-01-19,18458.0,761.0,14137.0,608.8571428571429,0.04306834143433139,2.0033321739130434
2021-01-20,19484.0,769.0,13869.857142857143,595.5714285714286,0.04293998290228553,3.5750655072463773
2021-01-21,16802.0,708.0,13645.0,580.0,0.042506412605349944,3.7016255072463773
2021-01-22,15022.0,630.0,13300.42857142857,564.7142857142857,0.042458352577253146,3.349706666666667
2021-01-23,11571.0,444.0,12879.142857142857,538.2857142857143,0.04179515052022096,2.3397866666666673
2021-01-24,5019.0,213.0,12355.0,517.0,0.04184540671792796,1.0558400000000001
2021-01-25,6747.0,428.0,11862.42857142857,484.0,0.0408010886713152,0.015519999999999996
2021-01-26,15509.0,576.0,11510.57142857143,461.7142857142857,0.04011219500086877,0.1593066666666667
2021-01-27,15815.0,620.0,11277.57142857143,441.85714285714283,0.0391801679692943,0.7706666666666668
2021-01-28,13354.0,477.0,11160.42857142857,438.2857142857143,0.03927140534797691,0.916
2021-01-29,12559.0,474.0,11033.714285714286,422.0,0.03824641358951784,0.5866133333333333
2021-01-30,9940.0,305.0,10575.42857142857,395.7142857142857,0.03741827416653159,0.6217600000000001
2021-01-31,4199.0,188.0,10232.285714285714,370.42857142857144,0.03620193784379974,0.8247466666666667
2021-02-01,5860.0,314.0,9967.857142857143,365.0,0.036617699749193836,1.4103999999999999
2021-02-02,12301.0,392.0,9602.285714285714,341.7142857142857,0.035586765055939065,2.1885866666666667
2021-02-03,13413.0,443.0,9380.714285714286,332.2857142857143,0.03542221883804157,3.12784
2021-02-04,11503.0,439.0,9222.142857142857,319.85714285714283,0.034683603129114705,3.3975999999999997
2021-02-05,10000.0,311.0,8982.285714285714,309.42857142857144,0.03444875628220625,2.3683199999999998
2021-02-06,8389.0,239.0,8523.857142857143,296.85714285714283,0.034826621080329155,0.1674666666666667
2021-02-07,3089.0,101.0,8075.714285714285,277.14285714285717,0.034318061206439064,-1.89568
2021-02-08,4181.0,241.0,7769.0,258.0,0.033208907195263225,-3.8317333333333337
2021-02-09,9092.0,304.0,7560.0,249.57142857142858,0.03301209372637944,-5.366293333333334
2021-02-10,10276.0,305.0,7160.714285714285,238.42857142857142,0.03329675810473815,-6.435840000000002
2021-02-11,9356.0,305.0,7256.571428571428,239.14285714285714,0.032955350815024806,-6.804746666666668
2021-02-12,8537.0,252.0,7285.857142857143,232.28571428571428,0.03188172780925864,-6.678133333333333
2021-02-13,5594.0,161.0,7307.0,230.28571428571428,0.03151576765919177,-5.86608
2021-02-14,3760.0,106.0,7267.285714285715,225.71428571428572,0.031058953038076702,-4.015253333333333
2021-02-15,4386.0,193.0,7248.714285714285,216.14285714285714,0.029818095819948365,-1.4661866666666667
2021-02-16,9240.0,290.0,7275.142857142857,211.57142857142858,0.029081412245218555,1.1082666666666672
2021-02-17,9998.0,273.0,7587.714285714285,210.85714285714286,0.027789283428098055,3.4151466666666663
2021-02-18,9226.0,238.0,7484.714285714285,209.57142857142858,0.027999923653923238,5.585546666666667
2021-02-19,8722.0,220.0,7486.857142857143,207.71428571428572,0.027743855899862616,6.689013333333333
2021-02-20,7782.0,156.0,7621.428571428572,197.57142857142858,0.025923149015932522,7.2001599999999994
2021-02-21,3039.0,97.0,7806.0,191.28571428571428,0.024504959554921123,8.094026666666664
2021-02-22,4401.0,180.0,7904.285714285715,185.71428571428572,0.023495391288631845,9.32944
2021-02-23,10182.0,219.0,8007.714285714285,180.28571428571428,0.022514004352945375,9.956373333333332
2021-02-24,11290.0,229.0,7989.714285714285,176.85714285714286,0.022135602918037477,9.504777777777775
2021-02-25,9914.0,199.0,8048.428571428572,173.57142857142858,0.0215658779886047,8.749151111111107
2021-02-26,9446.0,182.0,8088.285714285715,170.85714285714286,0.021124024161927303,7.562804444444444
2021-02-27,7656.0,132.0,8198.285714285714,167.42857142857142,0.020422387955670175,6.270057777777778
2021-02-28,3450.0,74.0,8200.142857142857,158.71428571428572,0.01935506350063588,5.273631111111112
2021-03-01,4680.0,161.0,8229.42857142857,153.85714285714286,0.01869596916987814,5.37328
2021-03-02,10952.0,195.0,8260.0,147.85714285714286,0.017900380491179525,5.783413333333334
2021-03-03,11303.0,168.0,8351.0,147.85714285714286,0.017705321860512855,5.152853333333333
2021-03-04,10119.0,165.0,8338.285714285714,148.85714285714286,0.017852247807017545,4.447786666666666
2021-03-05,9660.0,140.0,8360.857142857143,145.14285714285714,0.017359805898233265,3.66608
2021-03-06,8293.0,132.0,8438.42857142857,142.71428571428572,0.016912424452758642,2.6170133333333334
2021-03-07,3361.0,81.0,8821.857142857143,148.28571428571428,0.01680889997247097,1.8023466666666668
2021-03-08,4838.0,135.0,9254.857142857143,152.71428571428572,0.016500987898246482,2.246666666666667
2021-03-09,11495.0,178.0,9666.285714285714,157.42857142857142,0.01628635611255616,3.4406177777777778
2021-03-10,13987.0,207.0,9977.714285714286,156.42857142857142,0.015677796231601853,4.144444444444444
2021-03-11,13150.0,196.0,10188.57142857143,155.57142857142858,0.01526920919798093,5.0674866666666665
2021-03-12,12540.0,173.0,10472.57142857143,157.14285714285714,0.015005183608883067,5.505951111111111
2021-03-13,10473.0,125.0,11086.0,164.85714285714286,0.014870750753846551,5.577664444444444
2021-03-14,4837.0,75.0,11711.0,166.0,0.014174707539919734,4.6853533333333335
2021-03-15,6826.0,146.0,12221.42857142857,171.71428571428572,0.014050263004091176,3.9108600000000004
2021-03-16,15789.0,232.0,12674.0,175.14285714285714,0.01381906715660858,3.0703244444444446
2021-03-17,18362.0,215.0,13065.857142857143,177.71428571428572,0.013601425744306317,2.4072199999999997
2021-03-18,16723.0,236.0,13225.714285714286,182.14285714285714,0.013771872974724562,1.66404
2021-03-19,15708.0,197.0,13519.0,184.28571428571428,0.013631608424122662,1.6634133333333332
2021-03-20,13216.0,143.0,14041.714285714286,190.14285714285714,0.013541285150368289,2.021333333333333
2021-03-21,5956.0,106.0,14654.0,197.0,0.013443428415449706,2.567733333333334
2021-03-22,8879.0,161.0,15391.857142857143,199.71428571428572,0.01297532090251803,3.970720000000001
2021-03-23,19448.0,273.0,16010.0,208.28571428571428,0.0130097260640671,5.849653333333334
2021-03-24,22648.0,263.0,16375.857142857143,215.71428571428572,0.013172701974160568,7.344266666666667
2021-03-25,21888.0,255.0,16608.285714285714,216.28571428571428,0.013022759724062,7.714506666666668
2021-03-26,20035.0,257.0,16909.571428571428,226.71428571428572,0.013407453090810784,8.430240000000001
2021-03-27,15777.0,195.0,17043.428571428572,228.85714285714286,0.013427881713940857,9.423786666666668
2021-03-28,7583.0,110.0,17237.14285714286,234.42857142857142,0.013600198906016905,10.454666666666668
2021-03-29,10988.0,234.0,17174.14285714286,234.0,0.01362513413021236,11.54832
2021-03-30,20385.0,288.0,16525.428571428572,225.71428571428572,0.013658604056086723,13.074026666666668
2021-03-31,24004.0,302.0,15791.285714285714,222.85714285714286,0.014112666117840763,12.855720000000002
2021-04-01,21447.0,252.0,15729.142857142857,225.28571428571428,0.014322822059144081,11.458013333333332
2021-04-02,15494.0,199.0,15166.285714285714,215.28571428571428,0.014195019027165518,9.73254888888889
2021-04-03,10638.0,175.0,13898.42857142857,212.0,0.015253523008767693,7.222497777777778
2021-04-04,7148.0,127.0,13859.0,210.42857142857142,0.015183532103944831,4.724453333333333
2021-04-05,7048.0,164.0,14475.857142857143,214.28571428571428,0.014802972436865321,3.5812133333333334
2021-04-06,11510.0,265.0,15589.857142857143,221.28571428571428,0.014194210521492912,3.0876666666666663
2021-04-07,23728.0,291.0,16650.428571428572,226.71428571428572,0.013616123137113587,3.4715844444444444
2021-04-08,25765.0,279.0,16894.85714285714,224.71428571428572,0.013300750862477171,4.347871111111111
2021-04-09,23292.0,248.0,17618.571428571428,229.57142857142858,0.013030081894105247,6.278202222222222
2021-04-10,18062.0,213.0,19792.0,233.14285714285714,0.011779651229934173,6.657188888888889
2021-04-11,8859.0,113.0,20480.714285714286,235.71428571428572,0.01150908520210651,6.76534888888889
2021-04-12,12114.0,198.0,20381.285714285714,232.85714285714286,0.011425046786617977,5.897402222222222
2021-04-13,26724.0,290.0,20351.0,230.85714285714286,0.011343773910723939,5.105993333333333
2021-04-14,28549.0,309.0,20298.428571428572,228.28571428571428,0.011246472281457396,3.9834133333333335
2021-04-15,25069.0,259.0,20292.714285714286,230.42857142857142,0.01135523657329513,4.545546666666667
2021-04-16,23080.0,234.0,20316.571428571428,232.85714285714286,0.011461438937953537,5.286666666666667
2021-04-17,17694.0,195.0,20491.571428571428,234.28571428571428,0.011433272216451363,6.305546666666666
2021-04-18,8819.0,128.0,20609.0,231.14285714285714,0.011215627014549815,7.602613333333332
2021-04-19,12281.0,215.0,20665.285714285714,233.71428571428572,0.011309511465051813,8.811573333333332
2021-04-20,27949.0,300.0,20648.85714285714,235.28571428571428,0.011394611946700613,9.17312
2021-04-21,29371.0,287.0,20697.0,233.42857142857142,0.011278377128500335,9.443526666666667
2021-04-22,25463.0,277.0,20676.714285714286,229.14285714285714,0.011082169728542113,9.627473333333333
2021-04-23,22965.0,245.0,20665.14285714286,228.14285714285714,0.01103998451498728,9.19014
2021-04-24,18031.0,182.0,20281.714285714286,219.14285714285714,0.010804947454427633,8.615633333333333
2021-04-25,8677.0,98.0,19657.571428571428,210.28571428571428,0.01069744118950895,8.994886666666668
2021-04-26,12200.0,208.0,19081.0,200.28571428571428,0.010496604700262788,9.867360000000001
2021-04-27,25265.0,237.0,18536.85714285714,191.14285714285714,0.010311502951648455,10.027093333333333
2021-04-28,25002.0,225.0,18113.714285714286,184.28571428571428,0.010173822518060507,10.073653333333334
2021-04-29,21427.0,207.0,17826.0,184.0,0.01032200157073937,10.296479999999999
2021-04-30,19156.0,181.0,17386.571428571428,174.28571428571428,0.010024156574039078,9.730346666666668
2021-05-01,15069.0,134.0,16774.428571428572,169.71428571428572,0.010117440662232479,8.768640000000001
2021-05-02,6663.0,96.0,16181.857142857143,164.42857142857142,0.010161291746488572,8.775573333333336
2021-05-03,9124.0,140.0,15573.42857142857,156.0,0.010017062028730254,8.45044888888889
2021-05-04,20980.0,205.0,15047.857142857143,151.85714285714286,0.010091612474486164,8.061164444444445
2021-05-05,20854.0,188.0,14616.0,146.42857142857142,0.010018375166158416,8.019671111111112
2021-05-06,17168.0,148.0,14424.142857142857,142.57142857142858,0.009884221889886996,8.596791111111113
2021-05-07,15477.0,152.0,14175.714285714286,137.28571428571428,0.009684571198226341,10.646604444444444
2021-05-08,12046.0,96.0,13572.0,128.14285714285714,0.009441707717569785,13.281755555555558
2021-05-09,5320.0,69.0,12946.57142857143,120.0,0.009268863240129764,15.004853333333333
2021-05-10,7385.0,103.0,11875.42857142857,109.42857142857143,0.00921470503320181,16.04858666666667
2021-05-11,16754.0,141.0,10754.42857142857,99.85714285714286,0.009285211407924975,15.974400000000003
2021-05-12,16476.0,131.0,10262.42857142857,97.57142857142857,0.009507635341119479,14.146613333333335
2021-05-13,9670.0,74.0,10113.57142857143,94.57142857142857,0.009350942863196552,12.419573333333334
2021-05-14,7630.0,85.0,9807.285714285714,91.28571428571429,0.009307948900962842,11.63237333333333
2021-05-15,8602.0,80.0,9174.0,83.71428571428571,0.009125167398548692,11.563839999999999
2021-05-16,4278.0,48.0,8436.285714285714,75.57142857142857,0.008957902936295593,11.578719999999999
2021-05-17,5241.0,80.0,8258.714285714286,73.85714285714286,0.00894293473560395,11.450719999999999
2021-05-18,12321.0,88.0,8250.285714285714,71.42857142857143,0.008657708823936834,11.507573333333335
2021-05-19,11312.0,74.0,7852.0,66.42857142857143,0.008460082963394223,11.770346666666669
2021-05-20,8427.0,62.0,7526.571428571428,62.857142857142854,0.008351364688911666,11.827622222222224
2021-05-21,7571.0,68.0,7035.428571428572,54.714285714285715,0.007776965562053281,11.947579999999999
2021-05-22,5814.0,45.0,5799.285714285715,49.42857142857143,0.008523217144968592,12.669755555555557
2021-05-23,2000.0,23.0,5204.285714285715,47.57142857142857,0.009140818007136974,12.340582222222224
2021-05-24,1803.0,23.0,4974.142857142857,44.857142857142854,0.009018064849651052,11.82292888888889
2021-05-25,3668.0,51.0,4629.142857142857,40.142857142857146,0.008671768917417604,11.603040000000002
2021-05-26,7147.0,61.0,4325.428571428572,37.57142857142857,0.008686174780368584,11.791028888888892
2021-05-27,6816.0,43.0,4269.0,36.714285714285715,0.008600207475822375,11.484906666666665
2021-05-28,5156.0,35.0,4360.0,37.0,0.008486238532110092,12.322506666666666
2021-05-29,3688.0,27.0,4565.285714285715,33.285714285714285,0.007291047344869668,13.520746666666664
2021-05-30,1605.0,17.0,4185.714285714285,29.142857142857142,0.0069624573378839595,15.050666666666666
2021-05-31,2440.0,25.0,3631.5714285714284,25.571428571428573,0.007041422446009206,16.469920000000002
2021-06-01,5105.0,25.0,3219.714285714286,22.571428571428573,0.0070103824651699355,18.147039999999997
2021-06-02,4490.0,32.0,3022.285714285714,21.0,0.0069483834373227455,19.458193333333334
2021-06-03,2937.0,18.0,2954.1428571428573,20.0,0.006770153295613908,20.04232
2021-06-04,2273.0,14.0,2850.285714285714,18.142857142857142,0.0063652766639935845,19.863866666666667
2021-06-05,2306.0,16.0,2625.0,16.285714285714285,0.006204081632653061,19.60584
2021-06-06,1128.0,10.0,2392.8571428571427,13.142857142857142,0.005492537313432836,19.240186666666666
2021-06-07,1713.0,12.0,2298.285714285714,12.0,0.005221282943809051,19.06354
2021-06-08,3528.0,12.0,2236.5714285714284,11.571428571428571,0.005173735309146653,19.277493333333332
2021-06-09,2865.0,10.0,2093.714285714286,9.857142857142858,0.00470796943231441,20.117813333333334
2021-06-10,2275.0,10.0,2006.142857142857,9.428571428571429,0.004699850459303568,20.31088888888889
2021-06-11,1841.0,11.0,1894.7142857142858,9.714285714285714,0.00512704516323607,19.741342222222222
2021-06-12,1306.0,4.0,1634.0,9.428571428571429,0.005770239552369295,19.945502222222224
2021-06-13,515.0,7.0,1431.142857142857,9.285714285714286,0.006488321022160112,20.121982222222222
2021-06-14,933.0,14.0,1271.0,8.857142857142858,0.006968641114982578,20.550408888888892
2021-06-15,1703.0,10.0,1155.0,7.857142857142857,0.006802721088435374,22.229599999999998
2021-06-16,1445.0,9.0,1074.0,7.285714285714286,0.006783719074221867,24.385013333333337
2021-06-17,1154.0,7.0,1039.5714285714287,6.571428571428571,0.006321286244331454,25.5424
2021-06-18,1029.0,4.0,992.5714285714286,5.285714285714286,0.005325273459988486,26.128395555555556
2021-06-19,739.0,0.0,900.4285714285714,5.142857142857143,0.005711565920990005,25.625755555555553
2021-06-20,274.0,2.0,823.1428571428571,4.285714285714286,0.0052065255119750084,23.49854309178744
2021-06-21,604.0,5.0,775.7142857142857,4.0,0.005156537753222837,21.640756425120774
2021-06-22,1058.0,9.0,734.1428571428571,4.285714285714286,0.005837711617046118,19.763316425120774
2021-06-23,904.0,3.0,697.8571428571429,4.285714285714286,0.006141248720573183,18.40041420289855
2021-06-24,822.0,5.0,690.7142857142857,4.285714285714286,0.006204756980351603,18.155480869565217
2021-06-25,738.0,6.0,677.7142857142857,4.142857142857143,0.006112984822934234,19.13224
2021-06-26,485.0,0.0,654.7142857142857,3.7142857142857144,0.005673139864717435,20.31104
2021-06-27,224.0,2.0,648.7142857142857,3.4285714285714284,0.005285179475886369,20.91920077294686
2021-06-28,513.0,4.0,632.1428571428571,3.4285714285714284,0.005423728813559322,20.790325217391306
2021-06-29,897.0,6.0,622.0,3.0,0.00482315112540193,19.848976328502413
2021-06-30,862.0,1.0,625.2857142857143,3.2857142857142856,0.005254740689970299,18.929269661835754
2021-07-01,706.0,5.0,623.1428571428571,3.2857142857142856,0.00527281063732233,18.018211884057973
2021-07-02,667.0,3.0,628.4285714285714,3.0,0.004773812230052284,17.880944444444445
2021-07-03,508.0,2.0,651.2857142857143,2.857142857142857,0.004386926957666155,18.208626666666667
2021-07-04,209.0,2.0,665.5714285714286,3.142857142857143,0.00472204335694355,19.42634888888889
2021-07-05,550.0,2.0,701.5714285714286,2.7142857142857144,0.0038688658114436982,19.71640222222222
2021-07-06,1057.0,5.0,741.2857142857143,3.2857142857142856,0.004432453266525342,19.593913333333337
2021-07-07,962.0,3.0,781.7142857142857,3.7142857142857144,0.004751461988304094,19.067393333333335
2021-07-08,958.0,2.0,796.4285714285714,3.4285714285714284,0.004304932735426008,19.236533333333334
2021-07-09,945.0,7.0,831.2857142857143,3.7142857142857144,0.004468121670390101,18.810453333333335
2021-07-10,791.0,5.0,932.7142857142857,3.857142857142857,0.004135395925869199,19.35061333333333
2021-07-11,312.0,0.0,1027.2857142857142,4.285714285714286,0.004171881518564873,19.73248
2021-07-12,794.0,4.0,1107.142857142857,4.285714285714286,0.003870967741935484,20.09904
2021-07-13,1767.0,6.0,1203.7142857142858,3.7142857142857144,0.0030856871587942084,20.137653333333333
2021-07-14,1624.0,6.0,1273.857142857143,3.7142857142857144,0.002915778849388808,20.49861333333333
2021-07-15,1517.0,2.0,1300.2857142857142,4.142857142857143,0.0031861129422105037,20.279253333333337
2021-07-16,1621.0,3.0,1390.7142857142858,4.142857142857143,0.0029789419619928098,20.29370666666667
2021-07-17,1282.0,5.0,1471.857142857143,4.428571428571429,0.0030088323789187617,20.250773333333335
2021-07-18,497.0,3.0,1566.7142857142858,4.571428571428571,0.0029178444424181635,20.007573333333333
2021-07-19,1427.0,4.0,1667.5714285714287,5.0,0.0029983723121733913,19.629013333333333
2021-07-20,2335.0,8.0,1738.7142857142858,5.142857142857143,0.002957850628543259,19.55904
2021-07-21,2288.0,7.0,1783.142857142857,5.857142857142857,0.0032847300112161513,19.526400000000002
2021-07-22,2223.0,5.0,1803.5714285714287,5.571428571428571,0.003089108910891089,20.329546666666666
2021-07-23,2119.0,4.0,1837.4285714285713,5.714285714285714,0.0031099362463069507,20.985013333333335
2021-07-24,1593.0,10.0,1946.142857142857,5.571428571428571,0.0028628055494384495,21.46176
2021-07-25,640.0,1.0,2025.0,7.428571428571429,0.003668430335097002,21.689866666666667
2021-07-26,1664.0,5.0,2083.714285714286,8.142857142857142,0.003907856849033319,21.405013333333336
2021-07-27,3096.0,7.0,2142.0,9.571428571428571,0.004468454048285981,20.739893333333335
2021-07-28,2840.0,20.0,2194.714285714286,9.142857142857142,0.004165853023498014,20.64805333333333
2021-07-29,2634.0,10.0,2215.1428571428573,9.857142857142858,0.004449890365019992,20.10752
2021-07-30,2527.0,14.0,2279.5714285714284,10.857142857142858,0.004762800025067369,19.139253333333336
2021-07-31,1962.0,7.0,2373.714285714286,11.428571428571429,0.004814636494944632,18.567306666666667
2021-08-01,783.0,6.0,2475.1428571428573,10.142857142857142,0.004097887567817153,18.0024
2021-08-02,2115.0,12.0,2603.714285714286,11.0,0.0042247338966311864,17.145333333333333
2021-08-03,3755.0,11.0,2747.0,11.428571428571429,0.00416038275521348,16.923520000000003
2021-08-04,3550.0,11.0,2865.714285714286,12.428571428571429,0.004336989032901296,17.353973333333336
2021-08-05,3534.0,16.0,2916.1428571428573,12.285714285714286,0.004213001518640082,17.769628888888892
2021-08-06,3530.0,17.0,3031.8571428571427,13.142857142857142,0.004334919662630166,17.904102222222225
2021-08-07,2793.0,14.0,3289.5714285714284,15.0,0.004559864506883224,18.176582222222223
2021-08-08,1136.0,5.0,3588.8571428571427,16.428571428571427,0.004577661014250458,18.35156888888889
2021-08-09,2925.0,18.0,3861.1428571428573,18.142857142857142,0.004698830842089685,18.667355555555556
2021-08-10,5559.0,24.0,4183.714285714285,18.285714285714285,0.004370689066448132,19.44917555555556
2021-08-11,5645.0,21.0,4446.571428571428,19.142857142857142,0.00430508256762835,20.74952888888889
2021-08-12,5440.0,28.0,4580.571428571428,20.285714285714285,0.004428642714570858,21.59976888888889
2021-08-13,5788.0,18.0,4807.571428571428,20.714285714285715,0.0043086797610911364,22.263342222222228
2021-08-14,4633.0,20.0,5286.428571428572,22.571428571428573,0.004269693284691258,21.71784888888889
2021-08-15,2074.0,13.0,5731.571428571428,25.857142857142858,0.0045113531567009795,20.149493333333332
2021-08-16,4514.0,21.0,6192.857142857143,26.857142857142858,0.00433679354094579,18.573973333333335
2021-08-17,8911.0,37.0,6628.571428571428,29.285714285714285,0.004418103448275862,17.489920000000005
2021-08-18,8761.0,44.0,6942.0,30.285714285714285,0.004362678519981891,16.671253333333336
2021-08-19,8669.0,35.0,7089.142857142857,31.428571428571427,0.004433338707077221,17.177333333333337
2021-08-20,8838.0,35.0,7382.428571428572,35.285714285714285,0.004779689223445633,17.753653333333336
2021-08-21,6827.0,27.0,7952.142857142857,37.714285714285715,0.004742656965777419,17.812266666666666
2021-08-22,3104.0,21.0,8517.714285714286,39.857142857142854,0.004679323762243392,17.503633333333333
2021-08-23,6567.0,48.0,8939.57142857143,41.714285714285715,0.0046662511785480285,17.188602222222222
2021-08-24,12899.0,54.0,9161.857142857143,44.142857142857146,0.0048181123602513524,16.06097555555555
2021-08-25,12720.0,59.0,9386.57142857143,47.714285714285715,0.005083249627126898,15.30332222222222
2021-08-26,11622.0,48.0,9478.857142857143,48.857142857142854,0.005154328430190498,14.841562222222223
2021-08-27,10394.0,52.0,9550.714285714286,49.285714285714285,0.005160421808391294,14.584222222222223
2021-08-28,8400.0,52.0,9790.285714285714,52.285714285714285,0.00534057082822623,14.364106666666668
2021-08-29,3750.0,29.0,10078.142857142857,54.0,0.005358130040965597,14.6256
2021-08-30,7070.0,51.0,10235.42857142857,58.142857142857146,0.0056805493523894605,15.110400000000002
2021-08-31,14576.0,75.0,10472.285714285714,60.0,0.005729408233978119,15.727039999999999
2021-09-01,14735.0,71.0,10626.42857142857,60.42857142857143,0.0056866303690260135,16.465493333333335
2021-09-02,12723.0,77.0,10669.57142857143,59.57142857142857,0.005583300976073479,16.940651111111112
2021-09-03,12052.0,65.0,10659.714285714286,62.142857142857146,0.005829692567477016,17.44134888888889
2021-09-04,9479.0,55.0,10738.714285714286,63.714285714285715,0.0059331391094970135,17.943186666666666
2021-09-05,4052.0,23.0,10655.857142857143,62.142857142857146,0.005831802764408575,18.1986
2021-09-06,7001.0,69.0,10607.142857142857,61.42857142857143,0.0057912457912457915,18.569906666666665
2021-09-07,15129.0,86.0,10477.285714285714,62.142857142857146,0.005931198102016608,19.230322222222224
2021-09-08,14155.0,60.0,10347.57142857143,62.142857142857146,0.006005549956511535,19.66541111111111
2021-09-09,12382.0,72.0,10237.857142857143,62.285714285714285,0.006083862415405009,19.61184
2021-09-10,11143.0,70.0,10219.0,60.42857142857143,0.005913354675464471,19.53514666666667
2021-09-11,8571.0,55.0,9970.0,58.42857142857143,0.005860438458231839,18.97957333333333
2021-09-12,3284.0,24.0,9694.142857142857,61.57142857142857,0.0063514051194388365,18.610453333333332
2021-09-13,6869.0,56.0,9391.57142857143,58.57142857142857,0.006236595123286837,18.226293333333334
2021-09-14,13386.0,72.0,9069.42857142857,56.0,0.006174589673313802,17.730133333333335
2021-09-15,12224.0,82.0,8850.57142857143,53.285714285714285,0.00602059592600962,17.004640000000002
2021-09-16,10264.0,51.0,8778.714285714286,53.0,0.006037330556052789,16.487733333333335
2021-09-17,8888.0,52.0,8571.0,53.142857142857146,0.006200310015500776,15.164426666666666
2021-09-18,7039.0,36.0,8266.0,50.714285714285715,0.006135287407970689,13.875626666666667
2021-09-19,2781.0,22.0,8012.571428571428,47.142857142857146,0.005883611467693625,13.167146666666664
2021-09-20,5415.0,57.0,7844.571428571428,47.142857142857146,0.006009615384615385,13.003371111111111
2021-09-21,11251.0,55.0,7775.428571428572,47.857142857142854,0.006154920261630043,13.160308888888887
2021-09-22,10450.0,57.0,7677.714285714285,48.714285714285715,0.006344894313783865,13.725375555555555
2021-09-23,9088.0,51.0,7657.714285714285,49.0,0.0063987762107305425,14.767686666666668
2021-09-24,8404.0,57.0,7707.142857142857,49.714285714285715,0.006450417052826692,16.042770628019326
2021-09-25,6355.0,42.0,7906.285714285715,51.285714285714285,0.006486701358774212,16.817647922705316
2021-09-26,2641.0,24.0,8038.714285714285,54.714285714285715,0.006806347852357343,16.512183478260873
2021-09-27,5761.0,62.0,8097.428571428572,56.142857142857146,0.006933418016301472,16.044183478260873
2021-09-28,12645.0,66.0,8094.714285714285,57.0,0.007041632105606834,14.829027922705317
2021-09-29,11377.0,81.0,8065.714285714285,57.857142857142854,0.0071732199787460146,13.760950628019325
2021-09-30,9499.0,61.0,8067.0,58.0,0.007189785546051816,13.35465111111111
2021-10-01,8385.0,63.0,8053.428571428572,57.285714285714285,0.00711320821655373,14.076519999999999
2021-10-02,6152.0,48.0,7992.0,60.857142857142854,0.007614757614757614,14.000959999999997
2021-10-03,2650.0,25.0,7953.714285714285,62.714285714285715,0.007884905524822187,14.240044444444441
2021-10-04,5666.0,57.0,8044.285714285715,65.28571428571429,0.008115787604333156,13.746464444444445
2021-10-05,12215.0,91.0,8162.714285714285,66.28571428571429,0.008120548136999249,12.894942222222221
2021-10-06,11109.0,94.0,8286.714285714286,66.14285714285714,0.007981795300567172,11.681226666666666
2021-10-07,10133.0,79.0,8284.857142857143,67.85714285714286,0.008190502465772322,11.136199999999999
2021-10-08,9214.0,70.0,8367.42857142857,71.0,0.00848528307040907,10.328253333333333
2021-10-09,7020.0,47.0,8428.142857142857,72.14285714285714,0.008559757275793684,9.876666666666665
2021-10-10,2637.0,37.0,8564.857142857143,71.28571428571429,0.008323047669880242,9.27176
2021-10-11,6244.0,79.0,8737.0,72.85714285714286,0.008338919864615183,8.489413333333333
2021-10-12,12640.0,99.0,9013.0,77.28571428571429,0.008574915598104325,8.408773333333334
2021-10-13,12066.0,88.0,9223.57142857143,78.57142857142857,0.008518547200495623,8.730266666666667
2021-10-14,11338.0,90.0,9334.285714285714,79.42857142857143,0.008509335782063055,8.620173333333334
2021-10-15,11146.0,101.0,9603.714285714286,87.42857142857143,0.009103620622973254,8.730946666666668
2021-10-16,8494.0,56.0,10533.57142857143,98.85714285714286,0.009384959652810741,9.141613333333336
2021-10-17,3412.0,43.0,11378.857142857143,107.71428571428571,0.009466177873750816,9.621133333333335
2021-10-18,8130.0,135.0,12229.285714285714,121.14285714285714,0.009905963436715145,10.693293333333333
2021-10-19,19149.0,179.0,13018.714285714286,130.71428571428572,0.010040491161075814,11.140497777777778
2021-10-20,17983.0,150.0,13705.285714285714,141.85714285714286,0.010350542543544202,10.842044444444443
2021-10-21,17291.0,184.0,13957.142857142857,143.57142857142858,0.010286591606960082,10.355217777777778
2021-10-22,16672.0,168.0,14490.57142857143,146.71428571428572,0.010124810221424769,9.405884444444442
2021-10-23,13300.0,134.0,15522.0,149.71428571428572,0.009645296077456882,7.896871111111112
2021-10-24,5175.0,55.0,16854.714285714286,158.71428571428572,0.009416610867667376,7.731626666666666
2021-10-25,11864.0,157.0,17861.714285714286,164.0,0.00918164949772858,8.37552
2021-10-26,26369.0,200.0,18706.0,167.28571428571428,0.008942890745520918,8.865333333333334
2021-10-27,27312.0,213.0,19248.14285714286,168.14285714285714,0.008735536638043,9.27152
2021-10-28,24340.0,221.0,19574.571428571428,175.14285714285714,0.008947468289763687,9.629066666666667
2021-10-29,22582.0,191.0,19521.0,174.28571428571428,0.008928114045679744,10.207146666666665
2021-10-30,17095.0,140.0,19239.714285714286,186.85714285714286,0.009712053936054886,9.976693333333333
2021-10-31,7460.0,104.0,20500.428571428572,200.28571428571428,0.009769830595876043,9.524479999999999
2021-11-01,11489.0,151.0,22234.714285714286,211.28571428571428,0.009502515371716041,9.04224
2021-11-02,24400.0,288.0,23831.428571428572,221.85714285714286,0.009309435319506055,8.36064
2021-11-03,36137.0,307.0,24786.14285714286,224.85714285714286,0.00907188924687181,7.1776
2021-11-04,36480.0,298.0,25417.571428571428,228.0,0.008970172490346949,6.569333333333335
2021-11-05,33759.0,265.0,27246.714285714286,246.14285714285714,0.009033854671860827,6.384853333333333
2021-11-06,23778.0,161.0,30501.428571428572,260.2857142857143,0.008533558147159384,6.320053333333332
2021-11-07,11880.0,126.0,32610.14285714286,266.14285714285717,0.008161352077136386,6.340693333333332
2021-11-08,24293.0,278.0,34510.57142857143,278.42857142857144,0.008067921216687228,6.065226666666666
2021-11-09,47183.0,387.0,36272.71428571428,287.42857142857144,0.007924098791299246,5.9581333333333335
2021-11-10,50898.0,348.0,37738.57142857143,300.7142857142857,0.00796835371162509,5.648853333333333
2021-11-11,49783.0,384.0,38766.42857142857,306.85714285714283,0.007915538112873804,5.440533333333333
2021-11-12,46094.0,328.0,40239.28571428572,313.0,0.00777846809265998,5.596373333333332
2021-11-13,34039.0,254.0,42507.142857142855,320.57142857142856,0.0075415896487985214,5.582666666666666
2021-11-14,19075.0,169.0,44264.71428571428,333.0,0.007522922159862903,5.324533333333333
2021-11-15,34603.0,321.0,45904.57142857143,344.57142857142856,0.007506255212677231,5.33264
2021-11-16,63058.0,440.0,48251.857142857145,359.57142857142856,0.00745197076056288,5.578613333333333
2021-11-17,63201.0,435.0,49436.57142857143,356.42857142857144,0.007209815752363779,5.771413333333333
2021-11-18,61262.0,465.0,50250.57142857143,361.0,0.007183997907628627,6.23418
2021-11-19,62525.0,433.0,51971.142857142855,377.57142857142856,0.007265020698299606,6.370564444444445
2021-11-20,42332.0,232.0,53611.42857142857,388.42857142857144,0.007245256874866766,6.049935555555556
2021-11-21,24773.0,201.0,55399.142857142855,394.7142857142857,0.007124916837289902,5.415162222222222
2021-11-22,46647.0,437.0,56920.28571428572,391.2857142857143,0.006874275302302468,4.5084422222222225
2021-11-23,74540.0,516.0,57141.142857142855,392.7142857142857,0.006872706181185436,3.4199688888888886
2021-11-24,75715.0,479.0,57516.0,407.42857142857144,0.007083743157183592,2.7738244444444446
2021-11-25,71910.0,441.0,57629.71428571428,403.7142857142857,0.007005314718597549,2.4462933333333337
2021-11-26,64071.0,443.0,57307.42857142857,397.7142857142857,0.0069400127632418636,1.8511466666666672
2021-11-27,44956.0,335.0,57177.142857142855,388.42857142857144,0.006793423945632621,1.28336
2021-11-28,25569.0,175.0,56935.71428571428,383.42857142857144,0.0067344122443859,1.4004266666666667
2021-11-29,44391.0,395.0,56392.142857142855,382.42857142857144,0.006781593180407605,2.1890666666666667
2021-11-30,73628.0,451.0,56175.28571428572,373.2857142857143,0.006645016746052534,2.1385066666666668
2021-12-01,74025.0,444.0,55825.857142857145,367.42857142857144,0.006581691535668316,2.0544000000000002
2021-12-02,68105.0,434.0,55472.57142857143,369.85714285714283,0.006667387743749807,2.38528
2021-12-03,62553.0,379.0,55212.857142857145,365.0,0.00661077906284768,2.1823466666666667
2021-12-04,42510.0,294.0,54599.42857142857,357.85714285714283,0.0065542287203424416,1.0647911111111112
2021-12-05,23096.0,192.0,53630.42857142857,349.85714285714283,0.006523482138338309,0.88508
2021-12-06,42573.0,361.0,52143.28571428572,336.7142857142857,0.0064574811713876325,1.0030533333333334
2021-12-07,69334.0,401.0,50513.28571428572,332.14285714285717,0.006575356412598665,0.66268
2021-12-08,67242.0,388.0,49394.857142857145,325.14285714285717,0.006582524496477366,0.33654666666666666
2021-12-09,57695.0,342.0,48315.71428571428,315.14285714285717,0.006522574731675587,0.3442355555555555
2021-12-10,51143.0,347.0,46743.42857142857,300.0,0.006418014449701104,0.7261866666666666
2021-12-11,34681.0,245.0,45448.42857142857,291.7142857142857,0.00641857804293092,1.6307733333333334
2021-12-12,15542.0,122.0,43331.0,281.0,0.006484964575015578,2.4889066666666664
2021-12-13,31567.0,255.0,41845.0,271.0,0.006476281515115307,3.6345066666666668
2021-12-14,60269.0,343.0,40432.71428571428,257.85714285714283,0.00637743835437358,4.638613333333334
2021-12-15,52420.0,313.0,39562.57142857143,246.42857142857142,0.006228831001884898,4.894986666666667
2021-12-16,47293.0,272.0,39091.0,241.28571428571428,0.006172410894725494,4.530773333333334
2021-12-17,41257.0,255.0,38429.71428571428,231.42857142857142,0.00602212573603759,4.26064
2021-12-18,28590.0,165.0,36721.28571428572,216.14285714285714,0.005886037292500651,3.1734400000000003
2021-12-19,12241.0,86.0,35081.857142857145,200.42857142857142,0.005713168792986199,1.6316266666666668
2021-12-20,26938.0,186.0,33328.42857142857,185.57142857142858,0.005567962143001042,0.16855111111111123
2021-12-21,48310.0,236.0,30564.714285714286,162.85714285714286,0.005328273031927573,-0.67502
2021-12-22,40944.0,203.0,27970.85714285714,148.14285714285714,0.005296328832049685,-0.5806733333333335
2021-12-23,35019.0,168.0,27712.571428571428,145.42857142857142,0.005247747283337113,-1.067548888888889
2021-12-24,21911.0,96.0,27359.14285714286,137.0,0.005007466817047317,-1.1221200000000002
2021-12-25,10433.0,62.0,26645.85714285714,125.71428571428571,0.0047179674138568845,-0.3232755555555557
2021-12-26,10433.0,67.0,26748.714285714286,116.28571428571429,0.0043473384568550695,0.511771111111111
2021-12-27,24464.0,127.0,27660.285714285714,109.71428571428571,0.003966491411099978,0.7689444444444444
2021-12-28,43317.0,157.0,28670.0,105.14285714285714,0.003667347650605411,3.2215799999999994
2021-12-29,41664.0,137.0,29211.285714285714,101.14285714285714,0.0034624582475462026,5.8457511111111105
2021-12-30,41400.0,122.0,29797.714285714286,97.28571428571429,0.0032648717063629043,7.5960511111111115
2021-12-31,28979.0,64.0,31416.14285714286,92.42857142857143,0.0029420725468708078,8.58138
2022-01-01,14222.0,34.0,34429.42857142857,85.42857142857143,0.0024812660265719527,9.123439999999999
2022-01-02,14538.0,40.0,37696.0,76.71428571428571,0.0020350776133883095,8.39912
2022-01-03,35793.0,93.0,39832.42857142857,67.14285714285714,0.0016856330269306773,6.68296
2022-01-04,64410.0,108.0,43670.57142857143,64.85714285714286,0.0014851452759949493,4.889157777777777
2022-01-05,64530.0,76.0,46922.857142857145,64.71428571428571,0.0013791633684466903,3.249046666666666
2022-01-06,56355.0,55.0,48229.42857142857,61.0,0.0012647879480814914,1.77584
2022-01-07,55846.0,48.0,50775.28571428572,53.0,0.0012647879480814914,0.7930133333333332
2022-01-08,36988.0,33.0,53865.42857142857,43.42857142857143,0.0012647879480814914,0.6817377777777777
2022-01-09,23684.0,14.0,57230.857142857145,35.857142857142854,0.0012647879480814914,0.6708044444444444
2022-01-10,53614.0,37.0,61114.0,30.857142857142858,0.0012647879480814914,0.6927244444444445
2022-01-11,86041.0,41.0,64424.71428571428,27.0,0.0012647879480814914,0.9685111111111111
2022-01-12,88088.0,23.0,66981.0,24.0,0.0012647879480814914,1.0443244444444446
2022-01-13,83537.0,20.0,68440.14285714286,23.0,0.0012647879480814914,1.00936
2022-01-14,79021.0,21.0,71651.57142857143,21.285714285714285,0.0012647879480814914,1.241306666666667
2022-01-15,54882.0,12.0,75324.57142857143,16.857142857142858,0.0012647879480814914,1.8794400000000002
2022-01-16,33898.0,7.0,75881.28571428571,13.571428571428571,0.0012647879480814914,2.092026666666667
2022-01-17,76094.0,25.0,63947.42857142857,10.714285714285714,0.0012647879480814914,2.072693333333334
2022-01-18,111752.0,10.0,52658.71428571428,7.714285714285714,0.0012647879480814914,1.8689600000000002
2022-01-19,91985.0,0.0,44818.42857142857,6.0,0.0012647879480814914,1.626506666666667
